{
    "Model": "Optimized XGBoost",
    "MAE": 0.42263286730638727,
    "RMSE": 0.529851327762721,
    "MAPE": 0.15090157400234153,
    "R2": 0.8037183392577907
}