Model,MAE,RMSE,MAPE,R2
CatBoost,0.42061175433894116,0.52737491827138,0.15018552435775967,0.8055488069413274
LightGBM,0.42136669850654723,0.5284699408280782,0.15045458623426017,0.8047404654987573
XGBoost,0.4286699710649934,0.5371137498962183,0.15305312832230916,0.7983007838231336
Extra Trees,0.4374184567443579,0.5494870557817546,0.15618316652992106,0.788900792730128
Random Forest,0.4384524713718177,0.551107585870203,0.15655462146758514,0.7876538222770031
